"image","xmin","ymin","xmax","ymax","label"
"20200205_202355.jpg",1463.7356453588454,966.9965841002384,2256.4677444716635,1691.3898305084745,"node"
"20200205_202357.jpg",995.613715737553,1192.5153063757946,1761.0101173530193,2046.752594511388,"node"
"20200205_202400.jpg",1012.6984615002649,816.6508995961335,1839.6000521385065,1667.471160371425,"node"
"20200205_202354.jpg",1087.8712385791844,1377.0304824053233,1778.094863115731,1957.9119686837926,"node"